ID,Contents,Lien Post,Nb Like,Nb Love,Nb Care,Nb Wow,Nb Sad,Nb Angry,Nb Haha,Company,Date
1,جازي تتمنى سنة سعيدة djezzy سعيدة جديدة سنة,https://www.facebook.com/djezzy/posts/788227516669599?ref=embed_post,272,45,0,1,1,76,14,Djezzy,2024-01-01
2,راك عطل خصك رصيد خدمة tranquilo خاص djezzy ساهل جازي astuces ساهلة,https://www.facebook.com/watch/?v=1068829281022985&ref=sharing,255,28,0,1,0,12,31,Djezzy,2024-01-04
3,it time to be a legend,https://www.facebook.com/djezzy/posts/392564993435969:392564993435969?ref=embed_post,257,51,2,0,0,2,8,Djezzy,2024-01-10
4,djezzy souhaite سنة سعيدة جازي تقدم احر التهاني بمناسبة السنة الامازيغية الجديدة djezzy سنة,https://www.facebook.com/share/p/19UDNBoQ1k/,621,231,10,3,0,1,300,Djezzy,2024-01-11
5,قريبا,https://www.facebook.com/share/v/12B9LZySBRe/,288,49,4,0,0,3,24,Djezzy,2024-01-12
6,مكالمات الا محدودة شبكات النقال الثابت بـ فقط نتا الاسطورة,https://www.facebook.com/share/v/15R9u8sYHg/,564,157,24,0,0,7,73,Djezzy,2024-01-13
7,جازي legend استفد مكالمات مجانية شبكات النقال الثابت وحجم انترنت يصل الى غاية اكتشفوا مزايا العرض الجديد djezzy legend نتا الاسطورة,https://www.facebook.com/djezzy/posts/797321975760153?ref=embed_post,438,31,5,0,0,26,52,Djezzy,2024-01-14
8,تمتع بالمكالمات المجانية شبكات الجوال والثابت واستفد فقط استكشف المميزات نتا الاسطورة,https://www.facebook.com/djezzy/posts/797937005698650?ref=embed_post,428,23,4,1,1,5,52,Djezzy,2024-01-15
9,djezzy legend انت الـ legend بـ تحصلوا انترنت مكالمات الا محدودة شبكات الثابت النقال اكتشفوا مزايا djezzy legend نتا الاسطورة,https://www.facebook.com/share/v/12BG5K7FV8K/,323,37,5,0,1,2,9,Djezzy,2024-01-20
10,goal algeria vs burkina faso football,https://www.facebook.com/watch/?v=1346282365905418&ref=sharing,170,26,1,1,0,4,2,Djezzy,2024-01-20
11,pack ayla متراطي match استفاد modem انترنت لمدة اشهر pack ayla supporty فريقك عايلتك لمزيد المعلومات زوروا موقعنا djezzy match ayla,https://www.facebook.com/watch/?v=1387729078503230&ref=sharing,130,8,1,1,1,2,31,Djezzy,2024-01-23
12,zuni sport djezzy app تابع مواعيد نتائج المباريات لحظة بلحظة حمل التطبيق الان djezzy app zuni sport max foot,https://www.facebook.com/share/p/13tcBA3rkg/,189,16,3,0,0,3,11,Djezzy,2024-01-27
13,يوم اليوم العالمي لحماية البيانات تذكير اساسي باهمية الحفاظ خصوصيتك الانترنت حماية البيانات تهم منا aujourd hui journee mondiale protection donnees rappel essentiel importance preserver vie privee ligne protection donnees concerne chacun entre protectiondesdonnees vieprivenligne djezzy,https://www.facebook.com/share/p/15aRgkr5JS/,161,13,2,1,0,1,11,Djezzy,2024-01-28
14,اختبر معلوماتك كرة القدم وحاول تفوز بقسيمة شراء بقيمة مليون اسبوعيا الا تحمل djezzy app الرابط djezzy app djezzy win,https://www.facebook.com/share/p/1AzBbfwqh1/,229,22,5,0,0,2,9,Djezzy,2024-01-30
15,اخبار محلية ثقافية رياضية djezzy scoop ميفوتك خبر للاشتراك اتصل او ارسل sms الى الرقم djezzy scoop max news,https://www.facebook.com/share/p/13yNkR5JW2/,150,7,0,0,0,1,11,Djezzy,2024-01-31
16,فيكم يعرف code لكي يكتيفي double appel جازي astuces ساهلة,https://www.facebook.com/watch/?v=1497445130819223&ref=sharing,325,33,4,0,0,5,6,Djezzy,2024-02-01
17,تتفادى توقف الخط ديالك تابع الحل الفيديو جازي astuces ساهلة,https://www.facebook.com/watch/?v=408877615031858&rdid=nscweaDh1ie6K7G0,161,18,2,0,0,3,10,Djezzy,2024-02-15
18,رايكم المرة لماذا جينا,https://www.facebook.com/share/v/1CVK8AkWr6/,202,24,2,1,0,5,18,Djezzy,2024-02-18
19,انضموا الينا مبادرة البسمة walk for لنرسم البسمة خطوة حملوا djezzy app حولوا خطواتكم الى تبرعات لقفة رمضان رابط التحميل جازي قفة رمضان البسمةwalk,https://www.facebook.com/share/p/14kGTVBiaXU/,177,19,3,0,0,13,3,Djezzy,2024-02-19
20,لكي نفرحو الناس رمضان نرسموا البسمة وجوه الصايمين يلا نمشوا نتبرعوا بخطواتنا djezzy app رابط التحميل,https://www.facebook.com/share/v/19nVrLQmjV/,173,17,5,0,0,0,2,Djezzy,2024-02-20
21,شارك تحدي المشي صحابك سجل خطواتك فيديو انشرها صفحتك طاقي djeezy هاشتاغ جازي قفة رمضان البسمةwalk احسن فيديو نبرطاجيوها عبر صفحتنا رابط التطبيق,https://www.facebook.com/share/p/1ESi1iAD8L/,299,34,3,2,1,6,52,Djezzy,2024-02-21
22,خطوة ساهلة بمناسبة شهر رمضان الكريم جازي astuces ساهلة قفة رمضان البسمةwalk,https://www.facebook.com/share/v/19dwGJKfjm/,181,23,3,0,0,4,1,Djezzy,2024-02-22
23,طاقي صاحبك يمشي بالزربة جازي قفة رمضان البسمةwalk,https://www.facebook.com/share/p/14KAHkwsXF/,201,23,3,0,2,4,58,Djezzy,2024-02-23
24,يكتبلنا التعليقات خطوة مشاها djezzy app يدرى يكون champion جازي قفة رمضان البسمةwalk,https://www.facebook.com/share/p/18BbsUNDKa/,204,18,3,0,0,3,26,Djezzy,2024-02-24
25,بسمة walk for مازالها متواصلة طاقي صاحبك ماشاركش معانا جازي قفة رمضان البسمةwalk,https://www.facebook.com/share/v/17cPeTM5qo/,111,20,0,0,0,5,9,Djezzy,2024-02-26
26,نشاركوا معاكم top خاص البسمة walk for انضموا الينا مازلنا متواصلين اجل رسم البسمة جازي قفة رمضان البسمةwalk,https://www.facebook.com/share/p/1BYQb7q2cL/,185,17,1,0,0,4,10,Djezzy,2024-02-27
27,مبادرة البسمة walk for مازالها متواصلة خطواتنا تفرح كثيرا ناس حملوا djezzy app حولوا خطواتكم الى تبرعات لقفة رمضان رابط التحميل جازي قفة رمضان البسمةwalk,https://www.facebook.com/share/p/18KCQQmfLL/,228,30,2,0,1,3,6,Djezzy,2024-02-29
28,للاسبوع الثاني البسمة walk for مازالها متواصلة بنجاح بفضل خطواتكم جازي قفة رمضان البسمةwalk,https://www.facebook.com/share/v/12AywsCXXA3/,128,20,0,0,0,2,4,Djezzy,2024-03-04
29,نشاركوا معاكم the best walkers للاسبوع الثاني انضموا الينا اجل رسم البسمة رمضان جازي قفة رمضان البسمةwalk,https://www.facebook.com/share/p/1Azzo8rf7E/,167,19,0,0,0,1,2,Djezzy,2024-03-06
30,نختتم مبادرة البسمة walk for باكثر مليون خطوة شكرا مشاركتكم دعمكم القيم صنعنا البسمة جازي قفة رمضان البسمةwalk,https://www.facebook.com/watch/?v=3419181848374064&rdid=OpVtNNOSdxW0g2eO,110,23,1,0,0,1,1,Djezzy,2024-03-10
31,لكي تولي مشهور لازملك كثيرا انترنت لكي تولي اسطورة لازملك djezzy legend اكتشفوا تفاصيل العرض,https://www.facebook.com/share/v/15kQvgwaYH/,89,15,2,0,0,1,13,Djezzy,2024-03-11
32,حمل djezzy app شارك مسابقة عمرة ranati لشخصين رابط التطبيق,https://www.facebook.com/share/v/18BXF4DAnq/,131,37,0,0,0,0,1,Djezzy,2024-03-11
33,رمضان الفرحة دوبل x djezzy app رابط التطبيق,https://www.facebook.com/share/v/1FyzpbnWBQ/,106,30,1,1,0,2,0,Djezzy,2024-03-12
34,djezzy app دوبلي فرحتك انترنت ديالك رابط التطبيق,https://www.facebook.com/share/v/17z9TWBMWj/,132,20,2,0,0,2,2,Djezzy,2024-03-13
35,لكي افعل محتوى اسطوري لازملك عرض اسطوري اكتشفوا التفاصيل djezzy legend انت الاسطورة,https://www.facebook.com/share/p/1NTLjuLH4q/,179,22,0,1,0,3,31,Djezzy,2024-03-14
36,كامل يوصلنا sms بلي ربحنا مسابقات ماشاركناش نتفادوها جازي astuces ساهلة رمضان,https://www.facebook.com/share/v/1Ax3tK3yQf/,71,13,1,0,0,2,0,Djezzy,2024-03-14
37,انترنت لمدة اسبوع حمل djezzy app استمتع لكل عرض خاص رابط التطبيق جازي دوبل انترنت رمضان جازي app,https://www.facebook.com/share/v/1QvSNe3qr6/,86,16,2,0,0,8,3,Djezzy,2024-03-17
38,كونكتي double افرح double انترنت double حمل التطبيق جازي دوبل انترنت رمضان جازي app,https://www.facebook.com/share/p/19cMcLv6sd/,139,18,0,0,0,4,2,Djezzy,2024-03-17
39,عرض جازي legend max الجديد استفد مكالمات الا محدودة الشبكات الوطنية وحد اقصى انترنت للمزيد التفاصيل جازي نتاـهوـالاسطورة,https://www.facebook.com/share/p/1Gxhnote12/,163,31,1,0,0,2,1,Djezzy,2024-03-22
40,djezzy app ابقى دايما connecte بdouble استمتع لمدة اسبوع فقط رابط التطبيق جازي دوبل انترنت رمضان جازي app,https://www.facebook.com/share/v/19THVFCcWA/,64,18,0,0,0,2,2,Djezzy,2024-03-23
41,عندك legend max bien r انت اسطورة,https://www.facebook.com/share/v/1EZyVsxH3S/,91,20,0,1,0,0,6,Djezzy,2024-03-25
42,بالشراكة الكشافة الاسلامية الجزائرية جازي تشارككم الاجواء التضامنية مطعم فوج امال قاوش ببلدية الشراقة تتميز المبادرة بمساهمة الكشافين مختلف الاعمار ادخال الفرحة ورسم البسمة وجوه القاصدين العابرين مكان رمضان نرسمو البسمة فوج ٱمال قاوش الكشافة الاسلامية الجزائرية جازي مائدة البسمة الكشافة الاسلامية الجزائرية,https://www.facebook.com/share/v/1Dcy3GKWLV/,65,28,3,0,0,0,0,Djezzy,2024-03-27
43,تابعوا الاحداث المتنوعة حلقة اليوم حصة رمضان شاهدوا الحلقة كاملة جازي حصة رمضان,https://www.facebook.com/share/v/196vTS7ztN/,49,17,2,0,0,0,1,Djezzy,2024-03-27
44,legend max استفد مكالمات الا محدودة الشبكات الوطنية الmax خاص انترنت للمزيد التفاصيل جازي نتا الاسطورة,https://www.facebook.com/share/p/15N1wg8V2N/,133,20,4,2,0,5,4,Djezzy,2024-03-27
45,متفوتش العرض رمضان حمل اكتيفي دوبلي كامل جازي دوبل انترنت رمضان جازي app,https://www.facebook.com/share/v/19HbnWWpMa/,37,15,1,0,0,4,0,Djezzy,2024-03-28
46,تابعوا حلقة اليوم حصة مراد ارقام لمشاهدة الحلقة كاملة,https://www.facebook.com/share/v/1AewF1ZDSN/,35,16,1,0,0,0,0,Djezzy,2024-03-28
47,الف شكر super fans تاعنا شكرا محبتكم وفائكم تفاعلكم الدائم معانا صح سحوركم,https://www.facebook.com/share/v/15Z5g8V2Cs/,76,33,5,0,0,1,0,Djezzy,2024-03-29
48,تحب افعل كثيرا stories reels photos الا djezzy legend تخرج انترنت انت مهني للمزيد التفاصيل جازي نتا الاسطورة,https://www.facebook.com/share/v/19aWCgdZW3/,133,20,2,0,0,2,7,Djezzy,2024-03-30
49,نتوما عشاق الالعاب الالكترونية تحبو تقضيو وقت شباب معنا خممت فيكم mobilistore عيشوا متعة الالعاب موبيليس معا نصنع المستقبل,https://www.facebook.com/share/p/18K8JuwacB/,399,38,8,0,0,1,2,Mobilis,2024-01-04
50,قرعة الدورين الـ والـ لكاس الجزائر الطبعة تتابعونها يوم الاحد الساعة موبيليس الراعي والشريك الرسمي لكاس الجزائر معا نصنع المستقبل,https://www.facebook.com/share/p/15Y99MUo3z/,612,61,7,0,0,1,0,Mobilis,2024-01-06
51,موبيليس يقدم افضل عرض تاريخ الاتصالات بالجزائر استمتعوا باكتشاف العرض mobilistwenty mobilis معا نصنع المستقبل,https://www.facebook.com/share/p/19agW9qpsy/,919,105,8,1,2,14,46,Mobilis,2024-01-08
52,doyouknow معرفة الرموز تسهلك استخدام شبكة موبيليس معا نصنع المستقبل,https://www.facebook.com/share/p/1E24GUMXeK/,998,103,17,0,1,4,2,Mobilis,2024-01-08
53,موسيقى عالم اخر تتنقل بلاد الى بلاد لكي تكتشفها تسافر بيك وانت مكانك باسعار هايلة عيشوا الموسيقى mobsound موبيليس معا نصنع المستقبل mobsound,https://www.facebook.com/share/p/1HqqUvAo1b/,1470,155,25,1,2,9,49,Mobilis,2024-01-10
54,موبيليس حاضر كوت ديفوار مناصرو الخضر موبيليس يرافقكم بعروض التجوال الحصرية الى كاس افريقيا لاستخدام الانترنت الاستمتاع باجواء الكان can شكلوا او اتصلوا المزيد المعلومات معا نصنع المستقبل togheterwemakethefuture,https://www.facebook.com/share/p/14WqBnkPiC/,1236,181,16,1,1,4,68,Mobilis,2024-01-14
55,موبيليس حاضر كوت ديفوار مناصرو الخضر موبيليس يرافقكم بعروض التجوال الحصرية الى كاس افريقيا لاستخدام الانترنت الاستمتاع باجواء الكان can شكلوا او اتصلوا المزيد المعلومات معا نصنع المستقبل togheterwemakethefuture,https://www.facebook.com/share/p/15czsiscTG/,1117,157,18,1,0,3,11,Mobilis,2024-01-17
56,موبيليس مستمرة بزرع الامل المناطق المحروقة اطار الاتفاقية المبرمة موبيليس والمديرية العامة للغابات تتواصل عملية توزيع الاشجار المثمرة المقاومة للجفاف الفلاحين وساكنة الريف المناطق المتضررة حرائق الغابات الاخيرة العملية تهدف الى اعادة تاهيل الغابات وتعزيز النشاط الزراعي والاقتصادي ودعم الفلاحين وتشمل عدة ولايات الوطن تم توزيع شتلات عدة اصناف الزيتون المشماش البرقوق اللوز الرمان والحمضيات موبيليس تؤكد بذلك دورها الاجتماعي والبيئي وتعبر تضامنها السكان المتضررين الحرائق وتساهم حماية الغابات والتنوع البيولوجي الجزائر معا نصنع المستقبل,https://www.facebook.com/share/p/1BD4jNpCoc/,2165,324,30,0,0,3,1,Mobilis,2024-01-17
57,موبيليس يواصل زرع الامل المناطق المحروقة اطار الاتفاقية المبرمة موبيليس والمديرية العامة للغابات قصد تمويل برنامج توزيع الشجيرات المثمرة عبر ولاية استفادت ولاية سكيكدة تمويل يساوي لاقتناء الشجيرات المثمرة لفائدة مستفيد بهدف تاهيل اعادة الاعتبار للمناطق الغابية المحروقة تم توزيع شجيرة مثمرة مستفيد موزعين بلديات عزابة جندل محمد سعدي شرشار السبت بن عزوز المستفيدون البرنامج عبروا خالص تثمينهم شكرهم للجهود المبذولة اطار دعمهم تعويضهم جراء تضرر اشجارهم المثمرة حرائق الصيف المنصرم معا نصنع المستقبل,https://www.facebook.com/share/p/19fvXx7FWj/,1224,197,15,0,0,1,0,Mobilis,2024-01-18
58,موبيليس افعل النية تربح وماتروحش يديك فارغين مبروك للاسماء المذكورة الفوز باقمصة للمنتخب الوطني مهداة طرف موبيليس بهذا موبيليس رفع عدد الفائزين فرص الربح لتكون نصيب شخصا ماتنساوش مزال يوجد المسابقة الكبرى تربحو جوائز قيمة معا نصنع المستقبل,https://www.facebook.com/share/p/15ejBauXN9/,3574,58,29,2,6,64,34,Mobilis,2024-01-20
59,خدمة التعبئة تسديد الفاتورة عبر الصراف الالي للمزيد المعلومات,https://www.facebook.com/share/p/1B57CNAFUX/,911,92,10,0,0,5,1,Mobilis,2024-01-22
60,لنفعلها شباب اشبال بلماضي امام دقيقة لضمان ورقة التاهل ضد موريتانيا ماهي توقعاتكم خلال المباراة,https://www.facebook.com/share/p/1DEHzK4vST/,2015,505,38,0,3,7,24,Mobilis,2024-01-23
61,موبيليس يقدم افضل عرض تاريخ الاتصالات بالجزائر استمتعوا باكتشاف العرض mobilistwenty mobilis معا نصنع المستقبل,https://www.facebook.com/share/p/1AoqY4bJ7z/,904,98,9,0,1,34,148,Mobilis,2024-01-24
62,تواصلوا اقاربكم البقاع المقدسة طريق عرض العمرة بتشكيل الرمز او مستوى الوكالات التجارية موبيليس لتفاصيل اكثر ندعوكم لزيارة الرابط الخاص بعرض العمرة معا نصنع المستقبل,https://www.facebook.com/share/p/14LLA13MqU/,582,61,6,0,0,23,2,Mobilis,2024-01-28
63,موسيقى عالم اخر تتنقل بلاد الى بلاد لكي تكتشفها mobsound تسافر بيك وانت مكانك باسعار هايلة موبيليس معا نصنع المستقبل mobsound,https://www.facebook.com/share/p/181j5pi9qc/,295,17,4,0,0,36,29,Mobilis,2024-01-29
64,السيد شوقي بوخزاني الرئيس المدير العام صبيحة اليوم بزيارة عمل الى ولاية تيارت استقبل طرف والي الولاية السيد علي بوقرة استغل اللقاء السيد الوالي للاستماع الى الانشغالات واعطاء نظرة شاملة المشاريع المبرمجة مستوى الولاية الزيارة تهدف الى الوقوف والمتابعة المستمرة لعمل الفرق التجارية والتقنية الميدان مستوى الولاية كانت فرصة لتثمين المجهودات المبذولة طرفهم,https://www.facebook.com/share/p/15fT9ae5ba/,703,55,9,0,2,85,11,Mobilis,2024-01-29
65,مزال ماشريتوش عرض توانتي راهو داير حالة سوق الاتصالات راكم تستناو بـ عندك ومكالمات ماتخلاصش الشبكات توانتي اهدر وكونكتي,https://www.facebook.com/share/p/19mtAxXCZz/,932,96,6,3,1,59,21,Mobilis,2024-01-29
66,نتوما عشاق الالعاب الالكترونية تحبو تقضيو وقت شباب معنا mobilistore خممت فيكم عيشوا متعة الالعاب موبيليس معا نصنع المستقبل mobilistore,https://www.facebook.com/share/p/15cZ8Td5Lj/,489,45,2,1,0,48,19,Mobilis,2024-01-31
67,غيـر توانتي تخرج عرض هبال السوق يستنى فيكم بـ ومكالمات ماتخلاصش الشبكات توانتي اهدر وكونكتي,https://www.facebook.com/share/p/1YYXbs6YJP/,674,51,10,0,0,63,21,Mobilis,2024-02-01
68,تواصلوا اقاربكم البقاع المقدسة طريق عرض العمرة بتشكيل الرمز او مستوى الوكالات التجارية موبيليس لتفاصيل اكثر ندعوكم لزيارة الرابط الخاص بعرض العمرة معا نصنع المستقبل,https://www.facebook.com/share/p/1DeRSaFtKA/,427,46,5,0,0,102,2,Mobilis,2024-02-03
69,are you looking for a plan that fits both your needs and your budget with skybusiness plans you get unlimited free calls great international bonuses and generous internet data visit our website to learn more about skybusiness plans mobilis skybusiness togetherwemakethefuture,https://www.facebook.com/share/p/1B33oG5eF4/,309,26,4,1,0,585,6,Mobilis,2024-02-08
70,موبيليس يشارك الطبعة للصالون الدولي للصيد البحري وتربية المائيات بمركز المؤتمرات محمد بن احمد ولاية وهران الصالون يعرف مشاركة منهم مشارك محلي يقدر عدد الجنسيات المشاركة الصالون جنسية بلدان عربية افريقية واوروبية وكذا امريكا اللاتينية موبيليس معا نصنع المستقبل,https://www.facebook.com/share/p/19kRpXrL1X/,493,31,4,0,2,1102,8,Mobilis,2024-02-08
71,are you looking for a plan that fits both your needs and your budget with skybusiness plans you get unlimited free calls great international bonuses and generous internet data skybusiness learn more about our skybusiness plans mobilis togetherwemakethefuture,https://www.facebook.com/share/p/18TtH8TZuj/,579,35,8,2,12,2229,19,Mobilis,2024-02-09
72,موبيليس يحيي اليوم العالمي للاذاعة انتم مستمعين الاذاعة اليوم العالمي للاذاعة worldradioday,https://www.facebook.com/share/p/17yCHPY842/,306,22,6,1,1,582,12,Mobilis,2024-02-13
73,do you know للاطلاع العـروض موبيليس معا نصنع المستقبل,https://www.facebook.com/share/p/17etqRVwWo/,331,19,3,0,0,601,8,Mobilis,2024-02-13
74,موبيليس يقدم افضل عرض تاريخ الاتصالات بالجزائر استمتعوا باكتشاف العرض mobilistwenty mobilis معا نصنع المستقبل,https://www.facebook.com/share/p/14tVfvuCHR/,437,25,4,6,0,147,36,Mobilis,2024-02-19
75,خلاصلك رصيد موبيليس خممت فيك cridilis شكل المبلغ اختر للمزيد المعلومات,https://www.facebook.com/share/p/19esY7tAZA/,525,42,4,0,0,135,14,Mobilis,2024-02-21
76,موسيقى عالم اخر تتنقل بلاد لبلاد باتكتشفها mobsound تسافر بيك وانت مكانك باسعار هايلة موبيليس معا نصنع المستقبل mobsound,https://www.facebook.com/share/p/1DUtGPuiFP/,255,18,3,2,0,89,5,Mobilis,2024-02-24
77,تواصلوا اقاربكم البقاع المقدسة طريق عرض العمرة بتشكيل الرمز او مستوى الوكالات التجارية موبيليس لتفاصيل اكثر ندعوكم لزيارة الرابط الخاص بعرض العمرة معا نصنع المستقبل,https://www.facebook.com/share/p/1D5AaEKigY/,308,36,4,0,0,34,3,Mobilis,2024-02-27
78,موبيلبس حاضر القمة السابعة لمنتدى الدول المصدرة للغاز ستستضيفها الجزائر الفترة الممتدة الى مستوى المركز الدولي للمؤتمرات عبد اللطيف رحال,https://www.facebook.com/share/p/1F5aEXxNec/,365,30,4,1,0,78,5,Mobilis,2024-02-28
79,موبيليس بامكانك تخصيص النص يتم عرضه الشاشة تلقي اي اتصال الا تشكيل للوصول الى خدمة mobmic والتعبير مزاجك الاجابة تعرفوا الخدمة,https://www.facebook.com/share/p/1LRhauZK1f/,405,37,0,0,0,63,2,Mobilis,2024-03-02
80,موبيليس يتشرف بمرافقة ضيوف الجزائر القمة السابعة لمنتدى الدول المصدرة للغاز,https://www.facebook.com/share/p/18FKqHZ6w6/,335,27,3,0,0,61,5,Mobilis,2024-03-02
81,عيشوا الموسيقى mobsound موبيليس معا نصنع المستقبل mobsound,https://www.facebook.com/share/p/1DPV6ArAE9/,311,29,2,0,1,65,8,Mobilis,2024-03-05
82,موبيليس حاضر النسخة الثانية algeria fintech e commerce summit تعتبر رائدا مجال التكنولوجيا المالية والتجارة الالكترونية الجزائر الحدث يقام الفترة الى بالمدرسة العليا للفندقة والاطعام بنيان الجزائر العاصمة موبيلس يرحب جناحه الخاص,https://www.facebook.com/share/p/1UVb1qZmyi/,359,27,2,1,0,135,4,Mobilis,2024-03-05
83,تـوانتي اهـدر وكـونيكتي mobilistwenty mobilis معا نصنع المستقبل,https://www.facebook.com/share/p/15owimy1sn/,568,54,2,0,0,133,13,Mobilis,2024-03-06
84,تلتزم موبيليس بالعمل بنظام سياسة الجودة بالمعايير العالمية اجل تقديم احسن الخدمات سياسة الجودة معا نصنع المستقبل,https://www.facebook.com/share/p/18H81gxWZk/,461,39,6,2,3,150,83,Mobilis,2024-03-06
85,تحديث هام لنظام ارسلي موبيليس يسعدنا موبيليس الاعلان تحديث نظام التوزيع الالكتروني للرصيد ارسلي كجزء سعينا الدائم لتحسين الخدمات المقدمة لشركائنا وجميع زبائننا مستوى نقاط البيع موبيليس تمتع بتجربة افضل لـ ارسلي,https://www.facebook.com/share/p/18azkseKM3/,1120,54,5,0,3,222,29,Mobilis,2024-03-08
86,رقمك عزيز وحاب تحافظ موبيليس جابتلكم الجديد اقلبها توانتي بلا ضيع رقمك توانتي تبقى توانتي,https://www.facebook.com/share/v/1YZu3jEhG9/,629,78,12,1,1,17,19,Mobilis,2024-03-11
87,موبيليس جابتلكم الجديد خلاص درك تقدر تقلبها توانتي بلا تبدل رقمك توانتي تبقى توانتي,https://www.facebook.com/share/p/1EJcqeEAJq/,819,86,9,0,2,68,20,Mobilis,2024-03-12
88,اقلبها توانتي بلا ضيع رقمك توانتي اهدر كونيكتي,https://www.facebook.com/share/p/15TmGD1UZj/,1488,220,27,0,0,17,14,Mobilis,2024-03-18
89,جديد رمضان اقلبها توانتي بلا ضيع رقمك يمكنكم الانتقال الى العرض twenty قائمة او الوكالات التجارية موبيليس والاستفادة افضل عرض تاريخ الاتصالات بـ الجزائر توانتي اهـدر كونـكتـي,https://www.facebook.com/share/p/18Fi384JTv/,1005,138,16,0,1,9,7,Mobilis,2024-03-20
90,رمضان جا وجاب معاه pass جديد الا بـ عندك تقدر تكونيكتي بيها فايسبوك ولا انستغرام يوتيوب تيكتوك واتساب فايبر سناب شات وحتى pinterset يمكن لمشتركي sama تفعيل البطاقات الترويجية عبر القائمة تطبيق mobispace واجهة الويب meetmob وكالة موبيليس العرض صالح طيلة شهر رمضان,https://www.facebook.com/share/v/1LVBYrqfc4/,1136,161,16,0,0,4,24,Mobilis,2024-03-21
91,رمضان جا وجاب معاه pass جديد الا بـ عندك تقدر تكونيكتي بيها فايسبوك ولا انستغرام يوتيوب تيكتوك واتساب فايبر سناب شات وحتى pinterset يمكن لمشتركي sama تفعيل البطاقات الترويجية عبر القائمة تطبيق mobispace واجهة الويب meetmob وكالة موبيليس العرض صالح طيلة شهر رمضان,https://www.facebook.com/share/v/1DisyimCvE/,1233,181,28,1,0,4,13,Mobilis,2024-03-23
92,جديد رمضان اقلبها twenty بلا ضيع رقمك يمكنكم الانتقال الى العرض twenty قائمة او الوكالات التجارية موبيليس والاستفادة افضل عرض تاريخ الاتصالات بالجزائر tw ty اهـدر كونـكتـي,https://www.facebook.com/share/p/15iEXdan9p/,846,111,11,0,1,10,1,Mobilis,2024-03-24
93,تـوانتي رمضـان الطياب والوصفات عليها تخليك تشاهد محتوى الطبخ بلا نهاية وانت فريتها توانتي تبقى توانتي,https://www.facebook.com/share/p/12Gn1aSr9Gr/,949,148,13,1,0,8,6,Mobilis,2024-03-24
94,رمضان جا وجاب معاه pass جديد الا بـ عندك تقدر تكونيكتي بيها فايسبوك ولا انستغرام يوتيوب تيكتوك واتساب فايبر سناب شات وحتى pinterset يمكن لمشتركي sama تفعيل البطاقات الترويجية عبر القائمة واجهة الويب meetmob وكالة موبيليس العرض صالح طيلة شهر رمضان,https://www.facebook.com/share/v/15bFNezDPJ/,522,71,12,0,0,13,29,Mobilis,2024-03-25
95,جديد رمضان موبيليس جيبلك تقدر تشغل بيها passe فايسبوك ولا انستغرام فايبر يوتيوب تيكتوك واتساب سناب شات وحتى pinterset يمكن لمشتركي sama تفعيل البطاقات الترويجية عبر القائمة واجهة الويب meetmob وكالة موبيليس العرض صالح طيلة شهر رمضان,https://www.facebook.com/share/v/1GqbQ6JkfD/,421,61,11,0,0,4,6,Mobilis,2024-03-31
96,meilleurs voeux nouvel an cette annee pleine bonheur succ اجمل التهاني بمناسبة العام الجديد ولتكن السنة مليئة بالسعادة والنجاح,https://www.facebook.com/photo/?fbid=389869536947371&set=a.295486553052337,494,86,13,0,0,9,2,Ooredoo,2024-01-01
97,forfaits voyage beneficiez internet attendez plus composez restez contact proches plus informations اشتراكات السفر استفادوا انترنت تستناوش شكلوا وابقاو اتصال احبابكم المزيد المعلومات,https://www.facebook.com/watch/?v=386785770588354,269,36,9,1,1,5,1,Ooredoo,2024-01-02
98,telechargez application my ooredoo partagez lien telechargement proches gagnez jusqu a application disponible تيليشارجيو تطبيق my ooredoo بارطاجيو رابط التحميل احبابكم واربحوا حجم انترنت يصل الى التطبيق متوفر,https://www.facebook.com/OoredooDZ/posts/390952623505729?ref=embed_post,315,49,5,0,1,6,3,Ooredoo,2024-01-03
99,realise reve gagner maison jeu dari quiz recharge participe plus informations حقق حلمك واربح دار مسابقة dari quiz عبئ وشارك المزيد المعلومات,https://www.facebook.com/watch/?v=1528090807979319&t=0,269,54,9,1,1,6,1,Ooredoo,2024-01-04
100,anazik profitez meilleurs sons moment eclatez playlist speciale roadtrip telechargez application ici anazik اتمتعوا باجمل الاغاني وشكلوا قائمة اغاني خاص التحواس حملوا التطبيق,https://www.facebook.com/watch/?v=268453709320187,176,25,6,1,0,6,1,Ooredoo,2024-01-06
101,connecte sans compter fais plein series films preferes forfait profite internet youtube tout valable jours a seulement acheter forfait cliquez ici,https://www.facebook.com/watch/?v=1071509924041916&t=0,230,37,8,0,0,6,1,Ooredoo,2024-01-07
102,khabbarni ratez aucune info composez choisissez abonnement plus informations خبرني خبر يفوتكم شكلوا وخيروا الاشتراك اللي يناسبكم المزيد المعلومات,https://www.facebook.com/OoredooDZ/posts/393812453219746?ref=embed_post,255,30,5,0,0,6,0,Ooredoo,2024-01-08
103,قامت اتصالات الجزائر ooredoo يوم الثلاثاء بالتوقيع برتوكول اتفاق حول تبادل الخدمات المبتكرة المؤسستين المزيد المعلومات algerie telecom ooredoo procede mardi janvier a signature protocole accord portant echange services innovants entre deux entreprises plus informations,https://www.facebook.com/OoredooDZ/posts/394302569837401?ref=embed_post,339,53,6,0,0,0,4,Ooredoo,2024-01-09
104,ooredooكاين اشتراك وانتوما اللي تخيروا الاشتراك اللي يناسبكم خيروا اشتراككم الرابط المزيد المعلومات ooredoo forfaits encore a choisir celui convient choisissez forfait lien plus informations,https://www.facebook.com/OoredooDZ/posts/394384193162572?ref=embed_post,308,34,4,1,0,4,0,Ooredoo,2024-01-09
105,تاريخ العميد كبير وooredooرايحة تزيد البصمة تاعها ooredoo توقع عقد رعاية فريق مولودية الجزائر وتصبح الراعي الرسمي ابقاو متصلين معانا مواقع التواصل الاجتماعي العديد المفاجات جاية,https://www.facebook.com/watch/?v=1125417532223251&ref=sharing,876,796,43,0,0,6,22,Ooredoo,2024-01-10
106,ans innovation belles realisations meilleur reste a venir عشنا مزال متعاشرين سنة الابتكار والانجازات الرائعة والقادم افضل,https://www.facebook.com/watch/?v=1623898381752736&ref=sharing,293,77,10,2,0,2,1,Ooredoo,2024-01-11
107,fete سنة occasion partager moments precieux etres chers celebrer belle culture assegwas ameggaz سنة سعيدة a toutes a tous فرصة لقضاء اوقات ثمينة اغلى الناس والاحتفال بثقافتنا الجميلة اسقاس امقاز للجميع وكل عام وانتم بخير,https://www.facebook.com/OoredooDZ/posts/395832986351026?ref=embed_post,631,171,14,0,0,7,96,Ooredoo,2024-01-12
108,اثارة كرة القدم تعيشوها صح ooredoo,https://www.facebook.com/watch/?v=340126645504741&ref=sharing,473,88,16,0,0,3,4,Ooredoo,2024-01-12
109,حماس كاس امم افريقيا نعيشوه خير نشاركوه استفادوا اشتراكات التجوال لـ ooredoo الخاصة بكوت ديفوار,https://www.facebook.com/watch/?v=1092270538468718&ref=sharing,289,38,7,0,0,1,0,Ooredoo,2024-01-13
110,يكونوا المناصرين يكون الحماس والاجواء الاحتفالية ومع ooredoo المناصرين dima القلب وترافقهم المناسبات الرياضية ابقاو متصلين معانا العديد المفاجات جاية,https://www.facebook.com/watch/?v=704623971650687&ref=sharing,432,70,10,1,0,2,0,Ooredoo,2024-01-13
111,انضموا الينا مناصر zone تاعنا البريد المركزي لكي تعيشوا اثارة can وجربوا حظكم quiz football لكي تربحوا هدايا رائعة المزيد المعلومات,https://www.facebook.com/watch/?v=757791919545375&ref=sharing,232,23,2,0,0,1,3,Ooredoo,2024-01-14
112,عيشوا اثارة مباريات can مناصر zone خاص ooredoo البريد المركزي واربحوا هدايا رائعة المزيد المعلومات,https://www.facebook.com/watch/?v=1083462956019642&ref=sharing,275,32,10,0,2,2,1,Ooredoo,2024-01-16
113,ooredoo اثارة can تعيشوها مباشرة ooredoo انضموا الينا مناصر zone تاعنا البريد المركزي واربحوا هدايا رائعة المزيد المعلومات حملوا pdf quiz,https://www.facebook.com/OoredooDZ/posts/398948296039495?ref=embed_post,404,44,9,0,0,2,1,Ooredoo,2024-01-17
114,عيشوا اثارة مباريات can مناصر zone خاص ooredoo البريد المركزي واربحوا هدايا رائعة المزيد المعلومات,https://www.facebook.com/OoredooDZ/posts/399479952652996?ref=embed_post,322,42,2,0,0,0,1,Ooredoo,2024-01-18
115,amateurs foot challenge suivez instructions merouane tentez chance gagner magnifique smartphone عشاق كرة القدم التحدي ليكم تبعوا التعليمات خاص مروان وجربوا حظكم لكي تربحوا هاتف ذكي رائع,https://www.facebook.com/reel/240613705750524,200,50,8,0,0,0,0,Ooredoo,2024-01-18
116,retour images ceremonie signature contrat sponsoring conclu entre ooredoo doyen mouloudia club alger mca اكتشفوا معنا الصور الخاصة بتوقيع عقد الرعاية المبرم ooredoo والعميد فريق مولودية الجزائر,https://www.facebook.com/watch/?v=937267587984111&ref=sharing,364,79,4,1,0,2,0,Ooredoo,2024-01-19
117,فوز متناولنا الاهم نتسرعوش مانديروش ضغط سلبي اللاعبين الطريق النجمة الثالثة afcon afcon ooredoo algerie,https://www.facebook.com/watch/?v=1475376296666653&ref=sharing,299,59,6,1,0,0,10,Ooredoo,2024-01-20
118,مباراة مهمة تلعبها الجزائر ضد بوركينافاسو اليوم الساعة انضموا الينا مناصر zone خاص ooredoo ساحة البريد المركزي لكي تشجعوا الجزائر,https://www.facebook.com/reel/1333656284694580,300,30,3,0,0,2,0,Ooredoo,2024-01-20
119,soutien inlassable a cause palestinienne ooredoo a sponsorise spectacle musical organise opera alger sous th paix palestine autour duquel reunie multitude artistes algeriens a travers concert grandiose a fois artistique caritatif ooredoo a uni voix celle artistes afin reiterer solidarite inebranlable peuple palestinien cet ev nement marquant a ete couronne collecte recettes billetterie profit peuple palestinien plus informations دائما دعمها اللامتناهي للقضية الفلسطينية قامت ooredoo برعاية عرض موسيقي نظمته اوبرا الجزائر عنوان السلام لفلسطين بمشاركة جملة الفنانين الجزائريين عبر الالتفاتة الفنية والخيرية اعربت ooredoo تعاطفها وتضامنها الراسخ الشعب الفلسطيني وانتهت التظاهرة الفنية الجميلة بجمع مداخيل تذاكر الحفل لفائدة الشعب الفلسطيني المزيد المعلومات,https://www.facebook.com/OoredooDZ/posts/401183665815958?ref=embed_post,336,36,4,0,0,0,3,Ooredoo,2024-01-21
120,هنيئا للفائزين معنا ببطاقة تعبئة نتوما جربوا حظكم والعبوا,https://www.facebook.com/OoredooDZ/posts/401293099138348?ref=embed_post,979,103,14,0,2,1,6,Ooredoo,2024-01-21
121,upgrade niveau switch a internet illimite credit minutes appels vers international attends switcher vers plus informations انت تانيت افعل switch استفاد انترنت الا محدود رصيد دقيقة مكالمات دولية المزيد المعلومات,https://www.facebook.com/watch/?v=366794326050786&ref=sharing,276,35,4,0,0,3,6,Ooredoo,2024-01-21
122,هنيئا للفائزين معنا ببطاقة تعبئة نتوما جربوا حظكم والعبوا,https://www.facebook.com/OoredooDZ/posts/403137142287277?ref=embed_post,370,45,9,0,2,2,3,Ooredoo,2024-01-24
123,communaute croit jour jour grace a a interactions a interet portez contenus partageons merci a chacun ensemble grandissons عدد متابعينا راهو يزيد يوما يوم وهذا بفضلكم وبفضل تفاعلكم معانا واهتمامكم بالمحتوى اللي ننشروه شكرا لكل فيكم معا نطوروا,https://www.facebook.com/OoredooDZ/posts/403251238942534?ref=embed_post,402,67,6,0,0,1,1,Ooredoo,2024-01-24
124,restez dima branche dima beneficiez appels illimites vers tous reseaux internet anazik anaflix facebook gratuits sms tout valable pendant mois plus informations ابقاو dima اتصال dima مكالمات الا محدودة الشبكات goانترنت anazikو anaflix وفايسبوك مجاني رسالة قصيرة الكل صالح لمدة شهر كامل المزيد المعلومات,https://www.facebook.com/watch/?v=1114202519922333&ref=sharing,232,30,3,0,0,1,8,Ooredoo,2024-01-25
125,jeu spin win my ooredoo fait gagner telecharge appli profites telecharge my ooredoo تمكنك لعبة spin winلـ my ooredooمن ربح goبكل سهولة حمل التطبيق العب واربح حمل تطبيقmy ooredoo,https://www.facebook.com/OoredooDZ/posts/405064318761226?ref=embed_post,281,24,6,0,0,3,0,Ooredoo,2024-01-27
126,composez plongez monde meilleurs services ooredoo choisissez rubrique voulez mobile compte boutiques encore services divertissements plus informations شكل واكتشف افضل خدماتooredoo اختر الركن تريده خدمات الهاتف النقال الحساب فضاءات ooredoo او خدمات الترفيه الاكثر اثارة المزيد المعلومات,https://www.facebook.com/watch/?v=1435840007007748,180,18,4,0,0,5,0,Ooredoo,2024-01-30
127,directeur general ooredoo algerie roni tohme a ete recu mardi janvier wali annaba abdelkader djellaoui rencontre durant laquelle echange autour investissements entreprise opportunites developpement region ainsi sponsoring club local football usm annaba تم استقبال يوم الثلاثاء المدير العام لمؤسسة ooredoo السيد روني طعمه والي ولاية عنابة السيد عبد القادر جلاوي تبادلا خلال اللقاء اطراف الحديث حول استثمارات المؤسسة سبل تعزيزها المنطقة وكذا رعاية النادي المحلي لكرة القدم اتحاد عنابة,https://www.facebook.com/OoredooDZ/posts/407210585213266?ref=embed_post,363,49,1,0,1,3,3,Ooredoo,2024-01-31
128,مبروك الفائزين اللي لعبوا معنا ربحو kociela ابقاو معانا اسبوع يوجد سؤال جديد,https://www.facebook.com/OoredooDZ/posts/407438485190476?ref=embed_post,305,24,5,0,4,3,1,Ooredoo,2024-01-31
129,profite meilleurs offres dima encore mieux sans engagement plus informations visitez site suivant استفد افضل العروض dima نزيدلك العرض بدون التزام المزيد المعلومات,https://www.facebook.com/watch/?v=3354251704873766&ref=sharing,190,21,5,1,0,4,0,Ooredoo,2024-02-01
130,grand temps passer a switch importe laquelle switch profitez internet illimite appels illimite vers ooredoo credit min vers international plus informations consultez site suivant راك تستنى لكي تبدل لعرض switch استفد انترنت الا محدود مكالمات الا محدودة ooredoo رصيد دقيقة الخارج المزيد المعلومات,https://www.facebook.com/watch/?v=1104319524055749&ref=sharing,201,20,6,0,0,5,2,Ooredoo,2024-02-03
131,profitez forfaits roaming voix data sms composant gardez contact proches o plus informations شكل واستفد عروض التجوال مكالمات انترنت ورسائل قصيرة ابق اتصال باقاربك اينما كنت المزيد المعلومات,https://www.facebook.com/OoredooDZ/posts/409831324951192?ref=embed_post,272,32,7,0,0,2,0,Ooredoo,2024-02-04
132,profite youtube illimite forfaits internet internet voir series preferees plus informations استفد يوتيوب الا محدود عروض الانترنت انترنت لمشاهدة مسلسلاتك المفضلة المزيد المعلومات,https://www.facebook.com/OoredooDZ/posts/410442481556743?ref=embed_post,239,24,6,0,1,3,3,Ooredoo,2024-02-05
133,appelez illimite vers tous reseaux sans engagement nouvelle dima profitez internet anazik anaflix facebook illimite sms tout valable jours plus informations rendez مكالمات الا محدودة الشبكات وبدون التزام عرض dima الجديد استفيدوا انترنت وanazik وanaflix وفايسبوك الا محدود رسالة قصيرة الكل صالح لمدة يوم المزيد المعلومات,https://www.facebook.com/watch/?v=419883953715841&ref=sharing,264,26,5,0,0,2,1,Ooredoo,2024-02-06
134,مبروك الفائزين اللي لعبوا معنا ربحوا aklouche ابقاو معانا اسبوع يوجد سؤال جديد,https://www.facebook.com/OoredooDZ/posts/411640361436955?ref=embed_post,810,81,17,0,5,4,4,Ooredoo,2024-02-07
135,كونيكتي كيما تحب اشتراكات الانترنت خاص ooredoo عندك الى غاية خير يوتيوب الا محدود فايسبوك الا محدود او قسيمات شراء قم بزيارة موقعنا ooredoo ooredoodz internet forfaits,https://www.facebook.com/OoredooDZ/posts/413514587916199?ref=embed_post,327,42,9,0,0,3,4,Ooredoo,2024-02-10
136,تهنئ ooredoo المنتخب الوطني القطري تتويجه بلقب كاس اسيا للمرة الثانية التوالي وتتمنى المزيد التالق والنجاح ooredoo extends its heartiest مبروك to the qatari team the well deserved and magnificent victory it brought in the afc asian cup and compliments it its outstanding performance and remarkable achievement,https://www.facebook.com/OoredooDZ/posts/414032884531036?ref=embed_post,304,33,7,0,0,2,29,Ooredoo,2024-02-11
137,معsahla box كونيكتي دارك واتمتع بحجم انترنت الى غاية المزيد المعلومات ooredoo ooredoodz box sahla box,https://www.facebook.com/watch/?v=1572035583554362&ref=sharing,234,36,2,0,0,6,3,Ooredoo,2024-02-11
138,انترنت ومكالمات الا محدودة ooredoo بـ الشهر شكل واستفاد مزايا gold جديد المزيد المعلومات ooredoo ooredoodz internet free calls,https://www.facebook.com/watch/?v=6997963953591793&ref=sharing,293,42,2,0,0,3,7,Ooredoo,2024-02-12
139,cette journee mondiale radio ooredoo rend hommage a radio algerienne efforts immenses deploie a longueur annee afin creer ponts entre quatre coins algerie celebrons tous diversite voix resonnent a travers ondes بمناسبة اليوم العالمي للاذاعة تثمن ooredoo الجهود الدؤوبة تقوم الاذاعة الجزائرية مر الزمن خلال اصوات مذيعيها يرافقون الجزائريين كامل التراب الوطني مدار الساعة وتتمنى المزيد التالق والنجاح,https://www.facebook.com/OoredooDZ/posts/415231737744484?ref=embed_post,223,31,2,0,0,1,1,Ooredoo,2024-02-13
140,مبروك الفائزين اللي لعبوا معنا ربحوا ouarti ابقاو معانا اسبوع يوجد سؤال جديد,https://www.facebook.com/OoredooDZ/posts/415849651016026?ref=embed_post,500,58,7,0,1,2,15,Ooredoo,2024-02-14
141,جربتش حظك راك تستنى حمل my ooredoo شارك لعبة spin and win واربح الى غاية انترنت حمل تطبيقmy ooredoo,https://www.facebook.com/watch/?v=24762088740101300&ref=sharing,279,48,7,1,1,4,2,Ooredoo,2024-02-14
142,هنيئا للفائزين معنا quiz mca تابعونا لكي تربحوا نتوما felicitations gagnants quiz mca restez branches gagner aussi,https://www.facebook.com/OoredooDZ/posts/417564957511162?ref=embed_post,324,38,4,0,7,3,1,Ooredoo,2024-02-17
143,اتمتعوا باجمل الافلام القديمة العائلة والاحباب القائمة اللي وجدناهالكم anaflix المزيد المعلومات ooredoo ooredoodz films anaflix,https://www.facebook.com/watch/?v=1606095046920952&ref=sharing,178,28,6,0,0,1,1,Ooredoo,2024-02-17
144,directeur general ooredoo roni tohme a ete recu wali tlemcen youcef bechlaoui durant cette rencontre echange autour contribution ooredoo developpement secteur telephonie mobile opportunites renforcement investissements region حظي المدير العام لـ ooredoo السيد روني طعمه باستقبال والي تلمسان السيد يوسف بشلاوي تطرق الطرفان خلال اللقاء الى مساهمة مؤسسة ooredoo تطوير قطاع الهاتف النقال وفرص تعزيز الاستثمارات المنطقة,https://www.facebook.com/OoredooDZ/posts/419363337331324?ref=embed_post,251,57,6,0,1,1,0,Ooredoo,2024-02-20
145,مبروك الفائزين اللي لعبوا معنا ربحوا ابقاو معانا اسبوع يوجد سؤال جديد,https://www.facebook.com/OoredooDZ/posts/419782630622728?ref=embed_post,538,70,6,0,3,1,3,Ooredoo,2024-02-21
146,عندنا مجموعة خاص الاغاني نحبو نسمعوها الطريق anazik تقدر تشكل مجموعات اغاني كيما تحب المزيد المعلومات ooredoo ooredoodz music anazik,https://www.facebook.com/watch/?v=1397702777601975&ref=sharing,148,32,2,0,0,0,2,Ooredoo,2024-02-21
147,chaque jour travaillons dur offrir meilleur depuis ans continuerons a faire يوم نعمل جاهدين اجل تقديم الافضل وهذا سنة وسنواصل مسيرتنا,https://www.facebook.com/watch/?v=771638378197157&ref=sharing,203,77,5,0,2,1,1,Ooredoo,2024-02-22
148,سنة خاص ooredoo يجوزوش بلا تربحكم هدايا لكل عملية تقومون فضاءاتنا رايحين يمدولكم ملصق تخليوه عندكم وتلصقوه سيارتكم او هاتفكم واللي نلقاوه عندو يربح هدايا رائعة المزيد المعلومات,https://www.facebook.com/watch/?v=310982838653906&ref=sharing,456,99,12,0,0,2,6,Ooredoo,2024-02-23
149,dari quiz peux desormais realiser reve gagner belle maison recharge compose participe plus informations dari quiz بامكانك الان تحقيق حلمك والفوز بشقة رائعة قم بتعبئة فقط شكل وشارك المسابقة لا تفوت الفرصة المزيد المعلومات,https://www.facebook.com/OoredooDZ/posts/421020087165649?ref=embed_post,268,52,4,0,0,2,2,Ooredoo,2024-02-23
150,اذا حبيتو تربحوا ooredoo ساهلة عليكم الا تبعوا الخطوات اللي الفيديو المزيد المعلومات,https://www.facebook.com/watch/?v=1139112447447719&ref=sharing,271,54,6,0,0,0,1,Ooredoo,2024-02-24
151,appelez illimite vers tous reseaux sans engagement dima ooredoo plus informations اتصلوا بشكل الا محدود الشبكات وبدون التزام dima ooredoo المزيد المعلومات,https://www.facebook.com/OoredooDZ/posts/422129560388035?ref=embed_post,362,56,5,0,0,4,1,Ooredoo,2024-02-25
152,تطبيق my ooredoo تحكموا حسابكم بكل سهولة العروض والاشتراكات والمزايا والدفع الالكتروني كلها متوفرة تطبيق المزيد المعلومات ooredoo ooredoodz myooredoo easy,https://www.facebook.com/OoredooDZ/posts/422661677001490?ref=embed_post,231,47,3,0,0,4,1,Ooredoo,2024-02-26
153,عندك الفرصة لكي تربح الى غاية انترنت لعبة spin and win حمل تطبيقmy ooredoo,https://www.facebook.com/watch/?v=929175128708070&ref=sharing,277,54,8,1,0,5,1,Ooredoo,2024-02-27
154,تقربوا اكثر احبابكم اشتراك smart واستفيدوا انترنت ومكالمات ooredoo الا محدودين بـ فقط لليوم المزيد المعلومات ooredoo ooredoodz free smart,https://www.facebook.com/OoredooDZ/posts/423741236893534?ref=embed_post,216,35,2,0,0,7,0,Ooredoo,2024-02-28
155,قولولنا التعليقات واشنو اخر عرض شريتوه ooredoo اطلعوا عروضنا ooredoo ooredoodz offres services apps,https://www.facebook.com/OoredooDZ/posts/424265730174418?ref=embed_post,294,37,6,0,2,4,2,Ooredoo,2024-02-29
156,نقدمولكم افضل fan لهاذ الاسبوع بفضل ثقتكم نمضي الافضل ooredoo ooredoodz fan fan of the week,https://www.facebook.com/OoredooDZ/posts/pfbid032WQ6WpQickhyXX5iZ8DrNALvwF8igtoqZbugx4S2HdoUwXtvnbpUfEKMnY3Abs2Fl?rdid=KnLcPJ7QUwJ5ytAq#,385,100,15,0,0,4,7,Ooredoo,2024-03-03
157,mois charite bienveillance tout rechargement plus ooredoo fait don profit croissant rouge algerien plus informations شهر الخير والرحمة ولكل تعبئة بـ او اكثر ooredoo تتبرع بـ لفائدة الهلال الاحمر الجزائري المزيد المعلومات,https://www.facebook.com/watch/?v=3640599802819026&ref=sharing,118,22,2,0,1,3,2,Ooredoo,2024-03-11
158,ابقوا اتصال دائم وشاركوا فرحة العمرة حبابكم بفضل اشتراكات التجوال المتميزة لـ ooredoo المزيد المعلومات,https://www.facebook.com/share/v/1AhXf8t1vW/,117,37,3,0,1,1,0,Ooredoo,2024-03-11
159,مسابقة رنيني عادوت ولات جربوا حظكم للفوز بعمرة لشخصين وهذا بتحميل رنة انتظار اسلامية مجانا المزيد المعلومات,https://www.facebook.com/share/v/1CbQeFiJpy/,284,53,7,0,0,2,1,Ooredoo,2024-03-11
160,تتطور التكنولوجيا تبقى حلاوة رمضان اللمة خاص العائلة اللي تقربها ooredoo خلال مضاعفة حجم الانترنت my ooredoo حمل تطبيق my ooredoo,https://www.facebook.com/share/v/17yE3dG6mz/,200,50,4,0,0,2,1,Ooredoo,2024-03-12
161,مبروك الفائزين اللي لعبوا معنا ربحوا korichi,https://www.facebook.com/share/p/19S2xPBZm4/,251,28,2,0,2,16,4,Ooredoo,2024-03-12
162,شهر الخير والرحمة ولكل تعبئة بـ او اكثر ooredoo تتبرع بـ لفائدة الهلال الاحمر الجزائري المزيد المعلومات,https://www.facebook.com/share/v/154FUiPdu3/,186,42,4,0,0,2,2,Ooredoo,2024-03-13
163,استمتعوا بسهرات رمضان الاحباب وابقاو متصلين باللي بعاد بفضل حجم الانترنت المضاعف my ooredoo حمل تطبيق my ooredoo,https://www.facebook.com/share/v/19jtMNqzrT/,273,57,6,1,0,2,2,Ooredoo,2024-03-13
164,explorez large eventail rubriques contenus riches ramadhaniyate portail sms accompagne pendant ramadhan,https://www.facebook.com/share/p/1AyKzWgLMY/,173,36,1,0,0,1,0,Ooredoo,2024-03-14
165,jeu slide win retour suivez feuilleton prefere ramadhan trouvez code tentez gagner credit e heureux gagnant empochera credit x telecharge my ooredoo لعبة slide win عاودت ولات تابعوا مسلسلكم المفضل رمضان القاو الرمز وجربوا حظكم لربح رصيد الفائز المحظوظ رقم رايح يستفاد رصيد x حمل تطبيق my ooredoo,https://www.facebook.com/share/v/186XMkweLt/,196,38,4,0,2,3,1,Ooredoo,2024-03-14
166,مبروك للفائز بالعمرة مسابقة رنيني جربوا حظكم للفوز بعمرة لشخصين وهذا بتحميل رنة انتظار اسلامية مجانا المزيد المعلومات,https://www.facebook.com/share/p/19bUwY3JW4/,451,95,9,0,1,0,1,Ooredoo,2024-03-15
167,حماس خاص الالعاب وحدو بصح جيد الواحد يحبس شوية ويستمتع بوقتو عايلتو خصوصا يكون متاكد بلي الانترنت تاعو مضاعف my ooredoo حمل تطبيق my ooredoo,https://www.facebook.com/share/v/15RTwxxkg9/,180,39,0,0,0,2,0,Ooredoo,2024-03-15
168,ooredoo a accompagne organisation nationale aveugles algeriens onaa a occasion journee nationale personnes handicapees celebree mars chaque annee رافقت ooredoo المنظمة الوطنية للمكفوفين الجزائريين بمناسبة احياء اليوم الوطني للاشخاص ذوي الاعاقة يصادف الـ سنة,https://www.facebook.com/share/p/15Np25n6NT/,194,35,3,0,2,0,0,Ooredoo,2024-03-16
169,لمة خاص رمضان حل نشاركوها بفضل حجم الانترنت المضاعف my ooredoo حمل تطبيق my ooredoo,https://www.facebook.com/share/p/17xhRx5zVd/,252,51,5,0,0,0,0,Ooredoo,2024-03-16
170,مبروك الفائزين العبوا معنا يوم وجربوا حظكم لكي تربحوا نتوما تاني ابقوا متصلين بالصفحة,https://www.facebook.com/share/p/1EzKDmyjjY/,499,63,6,0,2,2,4,Ooredoo,2024-03-17
171,استفيدوا محتويات متنوعة لكل افراد العائلة بوابة الرسائل القصيرة رمضانيات رياضة وبوقالات ونصائح مطبخية وغيرها الاركان انتظاركم,https://www.facebook.com/share/p/18EeC6TCKf/,162,33,1,0,0,4,0,Ooredoo,2024-03-18
172,حجم انترنت مضاعف my ooredoo استمتعوا رمضان صحابكم بمضاعفة انترنت عليكم الا تحملوا التطبيق,https://www.facebook.com/share/p/15R6SfcJHy/,247,43,3,0,0,5,1,Ooredoo,2024-03-19
173,مبروك الفائزين اللي لعبوا معنا ربحوا sam sam ابقاو متصلين بالصفحة لكي يلحقكم الجديد وكامل quiz,https://www.facebook.com/share/p/1C6NHZqagp/,642,88,4,0,5,2,3,Ooredoo,2024-03-19
174,شاهد وooredoo استمتعوا باجمل انتجت السينما العربية شكلوا لشراء اشتراككم المزيد المعلومات,https://www.facebook.com/share/v/15LEGGaUd2/,201,44,2,0,0,1,0,Ooredoo,2024-03-20
175,ooredoo collaboration fondation ness khir organisent pendant tout mois ramadhan operation distribution repas chauds a emporter faveur neurs demunis تنظم ooredoo بالشراكة مؤسسة ناس الخير طيلة شهر رمضان المبارك عملية توزيع وجبات افطار ساخنة لفائدة الصائمين والمعوزين,https://www.facebook.com/share/p/19QBk7aXrd/,264,67,5,0,0,1,0,Ooredoo,2024-03-21
176,اجواء رمضان نعيشوها خير نتقاسموها العائلة والاحباب وعلى رايحين نستناوكم الافطار ftour اللي تنظموا ooredoo بالبريد المركزي بالجزائر ارواحوا تشاركونا فرحة اللمة,https://www.facebook.com/share/p/1DfZaXW3TB/,201,53,5,0,0,1,0,Ooredoo,2024-03-21
177,ooredoo association nationale volontariat lance mercredi mars operation solidarite distribution couffins faveur familles necessiteuses a travers plusieurs wilayas اطلقت ooredoo الجمعية الوطنية للعمل التطوعي الاربعاء عملية تضامنية لتوزيع قفف رمضان لفائدة العائلات المحتاجة عبر عدة ولايات,https://www.facebook.com/share/p/1AhPvxgeWP/,194,41,6,0,0,3,0,Ooredoo,2024-03-23
178,retour video operation distribution repas chauds faveur neurs demunis initiee ooredoo fondation ness khir pendant tout mois ramadhan,https://www.facebook.com/share/v/15QSW9iciL/,177,55,5,0,0,3,0,Ooredoo,2024-03-24
179,اثارة الالعاب تتعاش الاحباب ooredoo تضاعف الانترنت my ooredoo عليكم الا تحملوا التطبيق,https://www.facebook.com/share/p/1KGHZQuXex/,208,46,6,0,0,0,1,Ooredoo,2024-03-26
180,ooredoo dima رابحين وجدنا شيء جديدة لكي تربحوا استناونا,https://www.facebook.com/share/v/1Bc7FtdDPx/,625,125,14,0,1,1,1,Ooredoo,2024-03-27
181,عشنا اجواء رمضانية رائعة خلال الافطار ftour اللي دارتو ooredoo يوم كبار وصغار جاو لكي يتشاركوا الفطور وفرحة اللمة عائلات اخرى انتوما اذا حبيتوا تعيشوا معانا التجربة الرائعة انضموا الينا يوم البريد المركزي,https://www.facebook.com/reel/954679512980806,280,40,7,1,1,0,0,Ooredoo,2024-03-28
182,ضاعفوا اشتراك الانترنت الخاص خلال شهر رمضان my ooredoo حملوا تطبيق my ooredoo,https://www.facebook.com/watch/?v=1932451860505702&ref=sharing,148,35,3,0,0,2,0,Ooredoo,2024-03-28
183,انتم عشاق السينما العربية حملوا التطبيق شاهد واستمتعوا بافضل الافلام والمسلسلات شكلوا لشراء اشتراككم المزيد المعلومات,https://www.facebook.com/OoredooDZ/posts/441399288461062?ref=embed_post,215,46,5,0,0,1,0,Ooredoo,2024-03-30
